City_ID,City,Country,Lat,Lng,Max Temp,Humidity,Cloudiness,Wind Speed,Current Description
0,Tasiilaq,GL,65.6145,-37.6368,35.76,70,100,21.14,overcast clouds
1,Broome,US,42.2506,-75.833,45.63,48,1,4.0,clear sky
2,Saldanha,ZA,-33.0117,17.9442,64.45,92,100,13.73,overcast clouds
3,Lisakovsk,KZ,52.5369,62.4936,4.57,94,8,4.54,clear sky
4,Manzhouli,CN,49.6,117.4333,6.71,86,100,4.74,overcast clouds
5,East London,ZA,-33.0153,27.9116,71.98,94,100,3.87,moderate rain
6,Vaini,TO,-21.2,-175.2,77.16,94,75,8.05,light rain
7,Te Anau,NZ,-45.4167,167.7167,54.52,74,70,0.34,light rain
8,Mahebourg,MU,-20.4081,57.7,79.09,69,20,8.05,few clouds
9,Norman Wells,CA,65.282,-126.8329,-2.16,71,90,16.11,light snow
10,Luoyang,CN,34.6836,112.4536,35.38,54,0,3.15,clear sky
11,Praia,CV,14.9215,-23.5087,75.74,69,98,11.5,overcast clouds
12,Vestmanna,FO,62.1564,-7.1664,40.12,81,75,10.36,broken clouds
13,Punta Arenas,CL,-53.15,-70.9167,51.91,32,0,23.02,clear sky
14,Bluff,NZ,-46.6,168.3333,56.8,76,31,2.17,scattered clouds
15,Ancud,CL,-41.8697,-73.8203,61.43,64,43,12.03,scattered clouds
16,Geraldton,AU,-28.7667,114.6,58.12,82,91,8.05,overcast clouds
17,Yellowknife,CA,62.456,-114.3525,10.42,89,90,9.22,light snow
18,Santa Vitoria Do Palmar,BR,-33.5189,-53.3681,76.68,59,0,14.9,clear sky
19,Busselton,AU,-33.65,115.3333,50.04,75,100,9.73,overcast clouds
20,Hasaki,JP,35.7333,140.8333,41.4,58,13,15.95,few clouds
21,Lakhnadon,IN,22.6,79.6,56.23,50,0,1.48,clear sky
22,Rikitea,PF,-23.1203,-134.9692,77.4,76,88,10.0,light rain
23,Victoria,HK,22.2855,114.1577,67.32,66,53,4.0,broken clouds
24,Nicoya,CR,10.1483,-85.452,89.15,52,6,9.73,clear sky
25,Kodiak,US,57.79,-152.4072,9.91,61,20,23.02,few clouds
26,Mandalgovi,MN,45.7625,106.2708,12.47,44,0,14.23,clear sky
27,Zalantun,CN,48.0,122.7167,9.05,73,100,5.01,overcast clouds
28,Atuona,PF,-9.8,-139.0333,79.16,76,20,19.26,few clouds
29,Bodden Town,KY,19.2833,-81.25,86.0,72,20,5.99,few clouds
30,Chokurdakh,RU,70.6333,147.9167,-37.95,97,98,2.04,overcast clouds
31,Cape Town,ZA,-33.9258,18.4232,67.12,81,20,3.0,few clouds
32,Hilo,US,19.7297,-155.09,78.28,1,15,8.12,few clouds
33,Nizwa,OM,22.9333,57.5333,64.69,44,4,3.6,clear sky
34,Iqaluit,CA,63.7506,-68.5145,6.53,65,75,5.01,broken clouds
35,George Town,MY,5.4112,100.3354,80.89,79,40,1.01,scattered clouds
36,Khatanga,RU,71.9667,102.5,-51.34,100,83,2.17,broken clouds
37,Klaksvik,FO,62.2266,-6.589,41.92,72,100,19.01,overcast clouds
38,New Norfolk,AU,-42.7826,147.0587,52.92,74,24,2.59,few clouds
39,Bandarbeyla,SO,9.4942,50.8122,76.86,78,7,22.7,clear sky
40,Ushuaia,AR,-54.8,-68.3,44.26,76,75,36.82,drizzle
41,Severo-Kurilsk,RU,50.6789,156.125,33.04,94,87,11.61,light snow
42,Mount Isa,AU,-20.7333,139.5,62.37,34,3,0.0,clear sky
43,Albany,US,42.6001,-73.9662,45.63,32,0,3.0,clear sky
44,Luena,AO,-11.7833,19.9167,65.3,90,99,2.37,light rain
45,Longyearbyen,SJ,78.2186,15.6401,31.84,80,75,17.27,broken clouds
46,Kruisfontein,ZA,-34.0033,24.7314,69.89,87,100,7.72,overcast clouds
47,Kapaa,US,22.0752,-159.319,77.32,75,20,4.0,few clouds
48,Novyy Urengoy,RU,66.0833,76.6333,-23.31,96,24,7.58,few clouds
49,Canto Do Buriti,BR,-8.11,-42.9444,88.5,49,100,7.47,overcast clouds
50,Bethel,US,41.3712,-73.414,47.32,37,1,3.0,clear sky
51,Bengkulu,ID,-3.8004,102.2655,75.29,90,99,4.0,moderate rain
52,Thompson,CA,55.7435,-97.8558,1.56,78,90,3.44,light snow
53,Carnarvon,AU,-24.8667,113.6333,69.87,73,0,16.11,clear sky
54,Eyl,SO,7.9803,49.8164,76.37,74,24,21.32,few clouds
55,Esperance,AU,-33.8667,121.9,49.84,63,60,3.74,broken clouds
56,Hobart,AU,-42.8794,147.3294,53.26,84,75,1.99,broken clouds
57,San Cristobal,VE,7.7669,-72.225,78.98,45,61,4.83,broken clouds
58,Mataura,NZ,-46.1927,168.8643,56.48,67,89,0.13,overcast clouds
59,Mehamn,NO,71.0357,27.8492,30.38,94,100,10.42,light snow
60,Ponta Do Sol,PT,32.6667,-17.1,67.01,79,68,2.42,broken clouds
61,Erdenet,MN,49.0333,104.0833,12.33,40,97,4.56,overcast clouds
62,Singaraja,ID,-8.112,115.0882,79.97,83,98,4.54,overcast clouds
63,Korla,CN,41.7597,86.1469,18.72,71,38,2.91,scattered clouds
64,Rudnogorsk,RU,57.2639,103.7519,-1.34,99,100,2.26,overcast clouds
65,Lubbock,US,33.6001,-101.8338,66.38,18,1,3.0,clear sky
66,Bredasdorp,ZA,-34.5322,20.0403,65.28,86,100,5.08,overcast clouds
67,Lagoa,PT,39.05,-27.9833,57.76,51,100,25.48,overcast clouds
68,Quatre Cocos,MU,-20.2078,57.7625,78.91,68,100,13.76,overcast clouds
69,Dingle,PH,10.9995,122.6711,75.49,92,100,7.7,overcast clouds
70,Butaritari,KI,3.0707,172.7902,82.6,72,57,18.32,broken clouds
71,Srednekolymsk,RU,67.45,153.6833,-45.11,100,97,1.99,overcast clouds
72,Leningradskiy,RU,69.3833,178.4167,-32.03,92,3,4.09,clear sky
73,Avarua,CK,-21.2078,-159.775,73.45,100,90,9.22,heavy intensity rain
74,Kloulklubed,PW,7.0419,134.2556,79.3,80,90,14.45,overcast clouds
75,Pentecoste,BR,-3.7928,-39.2703,82.67,43,97,12.21,overcast clouds
76,Jamestown,US,42.097,-79.2353,44.71,43,0,13.0,clear sky
77,Hermanus,ZA,-34.4187,19.2345,66.9,84,98,11.45,overcast clouds
78,Puerto Ayora,EC,-0.7393,-90.3518,78.76,89,99,7.7,overcast clouds
79,Octeville,FR,49.6261,-1.6435,52.29,76,90,8.05,overcast clouds
80,Ahipara,NZ,-35.1667,173.1667,69.46,94,100,5.95,moderate rain
81,Dindori,IN,22.95,81.0833,51.62,44,0,2.51,clear sky
82,Cairns,AU,-16.9167,145.7667,80.55,84,75,6.91,broken clouds
83,Golden,US,39.7555,-105.2211,66.29,18,75,4.0,broken clouds
84,Fort Nelson,CA,58.8053,-122.7002,0.99,78,90,3.44,light snow
85,Mpongwe,ZM,-13.5091,28.155,73.76,42,60,3.76,broken clouds
86,Dehloran,IR,32.6941,47.2679,61.79,22,99,0.96,overcast clouds
87,Rexburg,US,43.826,-111.7897,36.91,67,90,12.66,light snow
88,Asfi,MA,32.2994,-9.2372,61.77,64,0,1.5,clear sky
89,Margate,GB,51.3813,1.3862,52.97,88,100,4.0,overcast clouds
90,Samarai,PG,-10.6167,150.6667,81.84,81,100,11.81,overcast clouds
91,Torbay,CA,47.6666,-52.7314,56.75,91,90,37.98,light intensity drizzle
92,Oranjemund,NA,-28.55,16.4333,62.78,90,28,5.1,scattered clouds
93,Kaitangata,NZ,-46.2817,169.8464,56.93,79,77,1.32,broken clouds
94,Baiao,BR,-2.7906,-49.6717,84.15,77,90,1.81,overcast clouds
95,Camacha,PT,33.0833,-16.3333,63.54,94,40,2.3,scattered clouds
96,Atar,MR,20.5169,-13.0499,75.63,13,80,8.52,broken clouds
97,Totolapa,MX,18.5167,-96.1833,78.73,67,66,10.89,broken clouds
98,Saint-Philippe,RE,-21.3585,55.7679,78.39,78,79,14.72,broken clouds
99,Arrecife,ES,28.963,-13.5477,66.27,82,0,8.05,clear sky
100,Kidal,ML,18.4411,1.4078,76.15,10,89,8.3,overcast clouds
101,Haines Junction,CA,60.7522,-137.5108,-9.45,70,98,2.3,overcast clouds
102,Santiago Del Estero,AR,-27.7951,-64.2615,98.8,19,15,9.78,few clouds
103,Gizo,SB,-8.103,156.8419,83.12,76,100,5.57,light rain
104,Stornoway,GB,58.2093,-6.3865,44.92,94,90,3.0,light intensity drizzle
105,Tiarei,PF,-17.5333,-149.3333,84.22,81,94,10.2,moderate rain
106,Corinto,GR,37.9407,22.9573,58.68,83,83,5.66,broken clouds
107,La Palma,US,33.8464,-118.0467,68.76,47,20,1.99,few clouds
108,Bambous Virieux,MU,-20.3428,57.7575,79.05,69,20,8.05,few clouds
109,Sawakin,SD,19.1059,37.3321,81.43,70,3,12.19,clear sky
110,Kapuskasing,CA,49.4169,-82.4331,35.69,80,75,13.8,broken clouds
111,Yongchang,CN,30.0381,119.7317,43.45,83,94,5.41,overcast clouds
112,Rundu,NA,-17.9333,19.7667,67.03,84,78,5.41,light rain
113,Vardo,NO,70.3705,31.1107,28.6,86,75,18.41,broken clouds
114,Eydhafushi,MV,5.1033,73.0708,81.91,76,100,11.9,overcast clouds
115,Cap Malheureux,MU,-19.9842,57.6142,79.29,67,100,3.0,overcast clouds
116,Viesca,MX,25.35,-102.8,68.36,28,40,3.58,scattered clouds
117,Yulara,AU,-25.2406,130.9889,69.64,88,75,11.5,light rain
118,Becerril,CO,9.7041,-73.2793,94.1,29,100,4.52,overcast clouds
119,Airai,TL,-8.9266,125.4092,61.12,90,100,1.61,overcast clouds
120,Port Elizabeth,ZA,-33.918,25.5701,72.1,83,90,5.75,overcast clouds
121,Savannah Bight,HN,16.45,-85.85,86.05,70,0,13.67,clear sky
122,Port Alfred,ZA,-33.5906,26.891,70.75,93,100,16.75,light rain
123,Upernavik,GL,72.7868,-56.1549,6.35,92,100,9.98,overcast clouds
124,Hofn,IS,64.2539,-15.2082,40.82,84,100,3.89,light rain
125,Mandiana,GN,10.6333,-8.6833,79.21,14,79,4.52,broken clouds
126,Faanui,PF,-16.4833,-151.75,80.58,72,97,8.5,light rain
127,Poltavka,RU,54.3663,71.7632,7.3,90,90,11.61,overcast clouds
128,Vestmannaeyjar,IS,63.4427,-20.2734,44.31,69,100,22.08,overcast clouds
129,Lata,PT,40.1629,-8.3327,57.61,78,18,3.96,few clouds
130,Madison,US,34.7334,-86.5667,53.78,44,1,1.01,clear sky
131,Qaanaaq,GL,77.484,-69.3632,-3.32,69,60,2.71,broken clouds
132,Henties Bay,NA,-22.116,14.2845,62.85,86,0,6.06,clear sky
133,Umm Lajj,SA,25.0213,37.2685,77.02,45,100,1.9,overcast clouds
134,Mar Del Plata,AR,-38.0023,-57.5575,73.42,82,75,4.0,broken clouds
135,Gongzhuling,CN,43.5008,124.8198,12.54,63,0,7.94,clear sky
136,Mogadishu,SO,2.0371,45.3438,79.56,84,85,20.33,overcast clouds
137,Comodoro Rivadavia,AR,-45.8667,-67.5,57.06,77,90,4.61,light rain
138,Abancay,PE,-13.6339,-72.8814,77.86,37,99,7.02,overcast clouds
139,Porto Novo,BJ,6.4965,2.6036,85.82,79,24,7.94,few clouds
140,Demyansk,RU,57.643,32.466,32.63,98,100,7.36,snow
141,Axim,GH,4.8699,-2.2405,80.58,83,55,8.57,broken clouds
142,Najran,SA,17.4924,44.1277,54.25,55,9,2.35,clear sky
143,Rahuri,IN,19.3833,74.65,68.47,57,24,4.9,few clouds
144,Clyde River,CA,70.4692,-68.5914,-1.97,84,29,11.5,scattered clouds
145,Provideniya,RU,64.3833,-173.3,-11.69,90,51,5.7,broken clouds
146,Castro,BR,-24.7911,-50.0119,82.09,41,99,5.61,overcast clouds
147,Orguz,BA,43.7739,16.8639,36.39,88,73,8.23,broken clouds
148,Constitucion,CL,-35.3333,-72.4167,61.45,55,0,19.08,clear sky
149,Takoradi,GH,4.8845,-1.7554,81.0,83,99,8.75,overcast clouds
150,Saint George,US,37.1041,-113.5841,57.67,39,1,1.01,clear sky
151,Hithadhoo,MV,-0.6,73.0833,81.18,77,100,10.85,overcast clouds
152,Ahero,KE,-0.1746,34.9163,71.28,60,100,5.01,overcast clouds
153,Ulaanbaatar,MN,47.9077,106.8832,6.46,73,10,4.03,clear sky
154,Grindavik,IS,63.8424,-22.4338,41.47,87,75,21.85,broken clouds
155,Neuquen,AR,-38.9516,-68.0591,71.49,13,0,18.41,clear sky
156,Angoche,MZ,-16.2325,39.9086,80.37,79,5,12.35,clear sky
157,Visby,SE,57.6409,18.296,34.02,86,75,5.75,broken clouds
158,Salina Cruz,MX,16.1667,-95.2,88.47,45,0,25.68,clear sky
159,Shitanjing,CN,39.2342,106.3439,20.44,32,0,3.09,clear sky
160,Ushtobe,KZ,45.2514,77.9838,35.02,91,100,1.81,light snow
161,Azpeitia,ES,43.1825,-2.2669,52.48,85,50,6.85,scattered clouds
162,Broken Hill,AU,-31.95,141.4333,65.91,26,4,9.22,clear sky
163,Gunjur,GM,13.2019,-16.7339,82.47,57,36,6.91,scattered clouds
164,Yumen,CN,40.2833,97.2,19.9,38,0,12.66,clear sky
165,Nikolskoye,RU,59.7035,30.7861,23.4,98,100,5.03,light snow
166,Port-Cartier,CA,50.0334,-66.8654,30.74,69,100,22.77,overcast clouds
167,Sola,VU,-13.8833,167.55,81.79,80,100,14.05,overcast clouds
168,Sao Filipe,CV,14.8961,-24.4956,75.54,68,78,6.73,broken clouds
169,Talcahuano,CL,-36.7167,-73.1167,62.28,48,20,13.8,few clouds
170,Yorosso,ML,12.3536,-4.7761,80.37,16,58,5.75,broken clouds
171,Beringovskiy,RU,63.05,179.3167,-19.97,92,100,11.43,overcast clouds
172,Tuatapere,NZ,-46.1333,167.6833,56.82,65,70,2.26,broken clouds
173,Tuktoyaktuk,CA,69.4541,-133.0374,-4.0,77,90,16.11,light snow
174,Balkhash,KZ,46.844,74.9804,28.56,97,100,2.75,snow
175,Matay,EG,28.419,30.7792,65.25,49,100,4.88,overcast clouds
176,Raudeberg,NO,61.9875,5.1352,43.47,89,99,5.01,overcast clouds
177,Imeni Poliny Osipenko,RU,52.4201,136.4853,15.22,93,100,12.8,light snow
178,Bonavista,CA,48.6499,-53.1147,57.11,90,100,32.28,light rain
179,Araouane,ML,18.9048,-3.5265,73.85,8,21,7.85,few clouds
180,Andros Town,BS,24.7,-77.7667,75.16,72,1,14.2,clear sky
181,Otane,NZ,-39.8833,176.6333,61.39,98,100,3.29,overcast clouds
182,Champerico,GT,14.3,-91.9167,89.29,67,1,8.14,clear sky
183,Barrow,US,71.2906,-156.7887,-11.18,77,20,13.8,few clouds
184,Georgetown,MY,5.4112,100.3354,80.89,79,40,1.01,scattered clouds
185,Puerto Ayacucho,VE,5.6639,-67.6236,89.38,55,96,12.48,overcast clouds
186,Havoysund,NO,70.9963,24.6622,31.08,98,100,13.24,light snow
187,Ilovlya,RU,49.3033,43.9796,22.3,62,77,12.3,broken clouds
188,Cherskiy,RU,68.75,161.3,-42.3,100,47,2.42,scattered clouds
189,Vila Velha,BR,-20.3297,-40.2925,84.15,83,0,14.0,clear sky
190,Isangel,VU,-19.55,169.2667,80.71,89,90,0.0,light rain
191,Nadvoitsy,RU,63.8667,34.3167,17.55,96,100,6.58,light snow
192,Riyadh,SA,24.6877,46.7219,57.34,27,26,6.67,scattered clouds
193,Wonthaggi,AU,-38.6044,145.5913,59.72,80,0,10.6,clear sky
194,Pitimbu,BR,-7.4706,-34.8086,86.59,73,4,11.65,clear sky
195,Swan Hill,AU,-35.3378,143.5544,69.24,38,1,8.12,clear sky
196,Biak,ID,-0.9131,122.8766,77.27,83,99,3.18,overcast clouds
197,Tabou,CI,4.423,-7.3528,80.19,82,14,7.54,few clouds
198,Chapais,CA,49.7834,-74.8492,22.78,95,100,9.62,light snow
199,Boyolangu,ID,-8.1181,111.8935,76.35,90,95,3.85,overcast clouds
200,Lebu,CL,-37.6167,-73.65,58.08,59,1,9.37,clear sky
201,Segezha,RU,63.7415,34.3222,17.51,95,100,6.87,light snow
202,Huilong,CN,31.8111,121.655,46.04,62,5,11.56,clear sky
203,Baruun-Urt,MN,46.6806,113.2792,13.19,59,5,22.66,clear sky
204,Inongo,CD,-1.95,18.2667,70.79,92,100,1.99,overcast clouds
205,Nouakchott,MR,18.0858,-15.9785,84.13,27,56,11.59,broken clouds
206,Canutama,BR,-6.5339,-64.3831,85.75,63,90,5.75,light rain
207,Shilovo,RU,54.3204,40.874,23.38,85,20,9.24,few clouds
208,Ketchikan,US,55.3422,-131.6461,36.07,55,20,11.5,few clouds
209,Pontes E Lacerda,BR,-15.2261,-59.3353,82.26,77,99,5.5,light rain
210,Ostrovnoy,RU,68.0531,39.5131,30.61,90,100,18.37,overcast clouds
211,Hervey Bay,AU,-25.2986,152.8535,72.03,87,72,1.01,broken clouds
212,Ilulissat,GL,69.2167,-51.1,17.62,73,90,5.75,overcast clouds
213,Gari,RU,59.4307,62.3497,13.12,79,21,7.76,few clouds
214,Conceicao Do Araguaia,BR,-8.2578,-49.2647,82.31,83,100,3.13,moderate rain
215,Karratha,AU,-20.7377,116.8463,87.22,23,0,11.77,clear sky
216,Aykhal,RU,66.0,111.5,-43.89,100,100,6.62,overcast clouds
217,Tatawin,TN,32.9297,10.4518,52.68,59,14,2.37,few clouds
218,Eugene,US,44.0521,-123.0867,46.81,90,75,1.99,broken clouds
219,Kambove,CD,-10.8764,26.5969,69.08,60,94,1.48,overcast clouds
220,Churapcha,RU,62.0025,132.4325,-32.51,99,99,3.94,overcast clouds
221,Kintampo,GH,8.0563,-1.7306,82.94,26,100,2.57,overcast clouds
222,Chuy,UY,-33.6971,-53.4616,76.33,61,0,14.99,clear sky
223,Dongsheng,CN,39.8161,109.9776,18.01,66,0,9.78,clear sky
224,Saint Anthony,US,45.0205,-93.218,38.35,57,1,3.0,clear sky
225,Jilin,CN,43.0,126.0,1.76,95,5,3.94,clear sky
226,Poum,NC,-20.2333,164.0167,77.67,89,100,13.91,overcast clouds
227,Mujiayingzi,CN,42.1167,118.7833,15.82,40,0,8.1,clear sky
228,Kanniyakumari,IN,8.0833,77.5667,78.28,82,99,21.27,overcast clouds
229,Chimbote,PE,-9.0853,-78.5783,71.6,72,52,11.77,broken clouds
230,Bhongaon,IN,27.25,79.1833,57.47,47,5,2.55,clear sky
231,Batemans Bay,AU,-35.7167,150.1833,57.99,83,5,2.64,clear sky
232,Sao Jose Da Coroa Grande,BR,-8.8978,-35.1478,80.98,73,16,10.49,few clouds
233,Namibe,AO,-15.1961,12.1522,70.74,79,44,2.71,scattered clouds
234,Scarborough,GB,54.2797,-0.4044,54.09,90,92,7.0,overcast clouds
235,Arraial Do Cabo,BR,-22.9661,-42.0278,84.16,69,75,17.27,broken clouds
236,Yambio,SS,4.5721,28.3955,75.96,32,100,2.42,overcast clouds
237,Maracanau,BR,-3.8767,-38.6256,83.86,65,20,16.11,few clouds
238,Jiujiang,CN,29.7333,115.9833,50.67,67,100,11.79,overcast clouds
239,Luderitz,NA,-26.6481,15.1594,62.94,84,3,14.0,clear sky
240,Parrita,CR,9.5201,-84.3225,92.98,69,13,6.46,few clouds
241,Clarence Town,AU,-32.5833,151.7833,64.81,82,80,2.64,broken clouds
242,Prince Rupert,CA,54.3161,-130.3201,37.09,64,1,5.75,clear sky
243,Marawi,PH,7.9986,124.2928,67.64,95,99,2.3,overcast clouds
244,Dzhebariki-Khaya,RU,62.2167,135.8,-40.09,99,56,2.91,broken clouds
245,Trinidad,BO,-14.8333,-64.9,84.18,89,20,17.27,few clouds
246,Bogorodskoye,RU,56.55,37.8833,24.1,94,100,10.29,overcast clouds
247,Mitsamiouli,KM,-11.3847,43.2844,80.53,74,100,11.23,overcast clouds
248,Katobu,ID,-4.9408,122.5276,76.55,93,100,3.22,overcast clouds
249,Hay River,CA,60.8156,-115.7999,-2.22,71,40,11.5,scattered clouds
250,Saskylakh,RU,71.9167,114.0833,-44.93,100,68,2.84,broken clouds
251,Tromso,NO,69.6496,18.957,32.38,86,75,1.01,light snow
252,Piacabucu,BR,-10.4056,-36.4344,82.13,67,32,12.46,scattered clouds
253,Teknaf,BD,20.8624,92.3058,66.7,64,7,10.96,clear sky
254,Aklavik,CA,68.2191,-135.0107,-1.37,90,100,22.21,overcast clouds
255,Kudahuvadhoo,MV,2.6708,72.8944,81.32,74,100,9.8,overcast clouds
256,Cabo San Lucas,MX,22.8909,-109.9124,80.51,66,20,3.0,few clouds
257,Eenhana,NA,-17.4667,16.3333,71.64,70,93,5.44,light rain
258,Sisimiut,GL,66.9395,-53.6735,16.25,89,84,8.57,broken clouds
259,Shimoda,JP,34.6667,138.95,53.1,60,1,26.46,clear sky
260,Nyurba,RU,63.2842,118.3319,-24.21,96,100,6.71,overcast clouds
261,Juegang,CN,32.3174,121.1855,39.9,63,3,10.18,clear sky
262,Alexandria,EG,31.2156,29.9553,65.71,62,100,5.77,overcast clouds
263,Kavieng,PG,-2.5744,150.7967,83.12,77,100,6.02,overcast clouds
264,Port Macquarie,AU,-31.4333,152.9167,63.9,80,1,9.19,clear sky
265,Monte Escobedo,MX,22.3,-103.5833,68.13,21,96,7.29,overcast clouds
266,Nemuro,JP,43.3236,145.575,36.97,69,8,27.92,clear sky
267,Bilma,NE,18.6853,12.9164,68.13,11,19,8.9,few clouds
268,Okahandja,NA,-21.9833,16.9167,82.71,18,46,8.46,scattered clouds
269,Bentiu,SS,9.2333,29.8333,80.26,24,58,5.48,broken clouds
270,Biltine,TD,14.5333,20.9167,77.76,12,4,7.47,clear sky
271,Horsham,GB,51.064,-0.3272,53.58,90,75,9.22,broken clouds
272,Cidreira,BR,-30.1811,-50.2056,73.9,77,0,11.68,clear sky
273,Waldoboro,US,44.0954,-69.3756,45.48,39,0,10.85,clear sky
274,Quarai,BR,-30.3875,-56.4514,92.82,31,67,5.3,broken clouds
275,Waingapu,ID,-9.6567,120.2641,79.88,83,100,1.92,overcast clouds
276,Kahului,US,20.8947,-156.47,78.06,81,40,18.41,scattered clouds
277,Ahuimanu,US,21.4447,-157.8378,78.51,74,75,10.36,broken clouds
278,Tiksi,RU,71.6872,128.8694,-18.67,100,100,1.79,overcast clouds
279,High Prairie,CA,55.4334,-116.4858,22.3,86,81,5.91,broken clouds
280,Flinders,AU,-34.5833,150.8552,62.2,89,33,4.85,scattered clouds
281,Egra,CZ,50.0796,12.3739,36.97,98,100,6.62,light rain
282,At-Bashi,KG,41.1702,75.8106,6.42,72,96,1.86,overcast clouds
283,Emerald,AU,-23.5333,148.1667,73.54,69,90,5.75,overcast clouds
284,Acapulco,MX,16.8634,-99.8901,85.82,70,1,3.44,clear sky
285,Codrington,AU,-38.2667,141.9667,66.83,41,91,9.71,overcast clouds
286,Solwezi,ZM,-12.1688,26.3894,69.64,53,93,3.69,overcast clouds
287,Tarakan,ID,3.3,117.6333,79.02,83,100,4.27,overcast clouds
288,Alofi,NU,-19.0595,-169.9187,78.69,78,10,6.91,clear sky
289,Sojat,IN,25.9167,73.6667,60.39,42,6,7.43,clear sky
290,Klyuchi,RU,52.2667,79.1667,-0.87,97,27,5.37,scattered clouds
291,Avera,US,33.194,-82.5271,62.11,38,0,7.63,clear sky
292,Hillside,US,40.7012,-74.2301,50.41,36,1,5.01,clear sky
293,Kirkwall,GB,58.9848,-2.9587,46.74,87,75,11.5,broken clouds
294,Qaqortoq,GL,60.7167,-46.0333,18.1,85,10,6.69,clear sky
295,Abu Samrah,SY,35.3029,37.1841,56.61,47,88,7.16,overcast clouds
296,Westport,US,41.1415,-73.3579,49.41,34,1,1.99,clear sky
297,Kissidougou,GN,9.1848,-10.0999,74.89,35,48,2.84,scattered clouds
298,Sokoto,NG,13.0609,5.239,78.51,13,83,8.84,broken clouds
299,Ambovombe,MG,-25.1667,46.0833,73.6,80,30,9.26,scattered clouds
300,Bousso,TD,10.4795,16.7117,79.56,18,14,6.69,few clouds
301,Sturgeon Falls,CA,46.3646,-79.9326,41.9,72,62,18.86,broken clouds
302,Talnakh,RU,69.4865,88.3972,-20.79,88,100,0.25,overcast clouds
303,Hami,CN,42.8,93.45,23.13,44,2,5.37,clear sky
304,Lavrentiya,RU,65.5833,-171.0,-13.83,85,2,3.76,clear sky
305,Yamada,JP,39.4667,141.95,34.18,60,20,20.36,few clouds
306,Alice Springs,AU,-23.7,133.8833,67.55,42,20,6.91,few clouds
307,Visnes,NO,59.3556,5.2242,44.22,87,75,10.36,broken clouds
308,Nador,MA,35.174,-2.9287,57.45,88,0,2.3,clear sky
309,Taltal,CL,-25.4,-70.4833,65.23,71,30,6.6,scattered clouds
310,Pangnirtung,CA,66.1451,-65.7125,-0.4,65,20,2.3,few clouds
311,Havre-Saint-Pierre,CA,50.2334,-63.5986,34.39,55,75,33.38,broken clouds
312,Kirkland Lake,CA,48.1446,-80.0377,34.63,80,100,13.69,light rain
313,Sept-Iles,CA,50.2001,-66.3821,31.05,70,75,13.0,broken clouds
314,Bilibino,RU,68.0546,166.4372,-36.31,96,13,5.06,few clouds
315,Port Lincoln,AU,-34.7333,135.8667,59.97,77,88,15.77,overcast clouds
316,Kitangari,TZ,-10.65,39.3333,69.93,97,100,5.86,overcast clouds
317,Kamenka,RU,51.3223,42.7678,19.74,68,25,12.57,scattered clouds
318,Rio Verde De Mato Grosso,BR,-18.9181,-54.8442,79.59,78,95,4.94,overcast clouds
319,Tateyama,JP,34.9833,139.8667,53.62,59,49,6.6,scattered clouds
320,Berlevag,NO,70.8578,29.0864,26.55,86,40,16.11,scattered clouds
321,Samana,DO,19.2056,-69.3369,86.22,70,40,6.91,scattered clouds
322,Iracoubo,GF,5.4802,-53.2011,77.07,90,100,11.54,overcast clouds
323,San Francisco Del Mar,MX,16.2333,-94.65,86.38,57,0,29.17,clear sky
324,Niceville,US,30.5169,-86.4822,64.45,61,40,1.01,scattered clouds
325,Berbera,SO,10.4396,45.0143,76.41,71,0,8.03,clear sky
326,Port-Gentil,GA,-0.7193,8.7815,79.54,79,100,2.71,overcast clouds
327,Udachnyy,RU,66.4167,112.4,-48.05,100,100,4.21,overcast clouds
328,Praia Da Vitoria,PT,38.7333,-27.0667,55.76,71,40,24.74,scattered clouds
329,Aldan,RU,58.6031,125.3894,-24.95,87,80,4.56,broken clouds
330,Altus,US,34.6381,-99.334,62.51,18,1,1.01,clear sky
331,Alyangula,AU,-13.8483,136.4192,71.47,100,99,1.14,overcast clouds
332,Shenxian,CN,36.2411,115.6672,30.81,39,0,5.5,clear sky
333,Carutapera,BR,-1.195,-46.02,84.4,69,28,9.75,scattered clouds
334,Port Hedland,AU,-20.3167,118.5667,84.25,79,75,9.22,broken clouds
335,Fairbanks,US,64.8378,-147.7164,-9.78,70,1,0.0,light snow
336,Mao,ES,39.8885,4.2658,46.96,93,20,3.44,few clouds
337,Amudat,UG,1.95,34.95,71.69,52,20,16.96,few clouds
338,Casper,US,42.8666,-106.3131,42.01,45,1,29.93,clear sky
339,Shanghai,CN,31.2222,121.4581,45.93,60,0,1.01,clear sky
340,Saint-Augustin,CA,51.226,-58.6502,31.17,73,99,26.13,overcast clouds
341,Hambantota,LK,6.1241,81.1185,79.03,79,100,14.56,light rain
342,Cam Ranh,VN,11.9214,109.1591,75.16,64,20,18.41,few clouds
343,Aswan,EG,24.0934,32.907,79.9,57,0,10.36,clear sky
344,Bowen,AU,-20.0167,148.2333,73.62,77,9,11.07,clear sky
345,Xingcheng,CN,40.6167,120.7167,25.16,37,0,5.61,clear sky
346,Jaciara,BR,-15.9653,-54.9683,80.6,85,100,2.93,light rain
347,Gidole,ET,5.65,37.3667,59.56,40,100,5.01,overcast clouds
348,Mnogovershinnyy,RU,53.9353,139.9242,20.43,95,100,15.3,snow
349,Jumla,NP,29.2747,82.1838,37.51,39,73,5.55,broken clouds
350,Los Llanos De Aridane,ES,28.6585,-17.9182,62.35,77,75,5.99,broken clouds
351,Polillo,PH,14.7122,121.9392,77.72,85,100,18.54,overcast clouds
352,Beloha,MG,-25.1667,45.05,73.27,84,75,9.89,broken clouds
353,Kitami,JP,43.8031,143.8908,32.13,65,79,13.87,broken clouds
354,Coruripe,BR,-10.1256,-36.1756,81.48,69,46,13.78,scattered clouds
355,Sitka,US,57.0531,-135.33,33.69,80,90,5.75,light snow
356,Fukue,JP,32.6881,128.8419,46.8,69,56,27.56,broken clouds
357,Novomykolayivka,UA,47.9781,35.9102,32.25,66,100,13.98,overcast clouds
358,Camocim,BR,-2.9022,-40.8411,85.37,65,23,20.2,few clouds
359,Thyboron,DK,56.6985,8.2124,43.18,90,50,10.13,scattered clouds
360,Waddan,LY,29.1614,16.139,52.68,51,2,8.1,clear sky
361,Fortuna,US,40.5982,-124.1573,51.19,74,75,3.0,broken clouds
362,Guerrero Negro,MX,27.9769,-114.0611,68.23,43,64,8.43,broken clouds
363,Nouadhibou,MR,20.931,-17.0347,69.78,64,0,13.8,clear sky
364,Shingu,JP,33.7333,135.9833,50.41,67,9,11.3,clear sky
365,Hualmay,PE,-11.0964,-77.6139,73.17,71,99,11.59,overcast clouds
366,Kpandae,GH,8.4689,-0.0113,85.98,21,11,1.81,few clouds
367,Nikolskiy,RU,60.9151,34.0645,23.43,95,100,4.61,overcast clouds
368,Nanortalik,GL,60.1432,-45.2371,21.0,77,13,5.06,few clouds
369,Sohag,EG,26.557,31.6948,68.29,31,100,6.71,overcast clouds
370,Tuy Hoa,VN,13.0833,109.3,71.85,90,98,15.68,overcast clouds
371,Zhengjiatun,CN,43.5064,123.5064,9.95,80,0,5.84,clear sky
372,Moose Factory,CA,51.2585,-80.6094,21.2,86,90,2.3,overcast clouds
373,Mayo,US,38.8876,-76.5119,52.21,36,1,5.01,clear sky
374,Yerbogachen,RU,61.2767,108.0108,-36.38,98,27,4.97,scattered clouds
375,Tura,IN,25.5198,90.2201,56.62,73,0,4.03,clear sky
376,Yarovoye,RU,52.9273,78.58,2.37,98,84,6.8,broken clouds
377,San Quintin,MX,30.4833,-115.95,63.81,52,0,9.86,clear sky
378,Ishigaki,JP,24.3448,124.1572,70.66,78,100,30.6,overcast clouds
379,Coquimbo,CL,-29.9533,-71.3436,67.73,59,20,16.11,few clouds
380,Vigrestad,NO,58.5667,5.7,44.01,88,100,10.47,overcast clouds
381,Mitchell,US,43.7094,-98.0298,38.1,68,1,4.0,clear sky
382,Njombe,TZ,-9.3333,34.7667,58.84,96,100,8.01,light rain
383,Marsa Matruh,EG,31.3525,27.2453,57.4,62,0,3.44,clear sky
384,Praya,CV,14.9215,-23.5087,75.74,69,98,11.5,overcast clouds
385,Kavaratti,IN,10.5669,72.642,80.96,74,81,2.28,broken clouds
386,Griffith,US,41.5284,-87.4237,50.09,50,1,4.0,clear sky
387,Gambela,ET,8.25,34.5833,81.88,34,99,1.99,overcast clouds
388,Blind River,CA,46.1834,-82.9582,41.25,78,8,18.84,clear sky
389,Collie,AU,-33.3667,116.15,45.99,70,100,6.4,overcast clouds
390,Rosetta,EG,31.4044,30.4164,67.82,65,100,7.56,overcast clouds
391,Arlit,NE,18.7369,7.3853,72.59,7,70,8.75,broken clouds
392,Betong,TH,5.7743,101.0723,68.86,98,91,2.77,overcast clouds
393,Kosa,RU,59.9445,54.9977,6.75,92,100,5.26,overcast clouds
394,Bang Sai,TH,14.2124,100.4966,78.76,65,6,11.45,clear sky
395,Taraz,KZ,42.9,71.3667,39.61,87,90,6.71,mist
396,Puerto Escondido,MX,15.85,-97.0667,88.63,58,1,6.91,clear sky
397,Ornskoldsvik,SE,63.2909,18.7153,32.95,100,90,5.75,overcast clouds
398,Ginir,ET,7.1333,40.7,57.42,57,46,5.46,scattered clouds
399,Half Moon Bay,US,37.4636,-122.4286,56.05,83,90,3.0,mist
400,Basarabeasca,MD,46.3311,28.9728,41.52,98,100,10.6,overcast clouds
401,Iskateley,RU,67.6803,53.1512,18.97,96,100,7.67,overcast clouds
402,Padang,ID,-0.9492,100.3543,77.43,87,100,3.13,overcast clouds
403,Lom Sak,TH,16.7798,101.2422,66.24,72,5,4.52,clear sky
404,Chara,RU,56.9064,118.2631,-15.03,92,98,0.83,overcast clouds
405,Itoman,JP,26.1247,127.6694,68.4,80,75,19.57,broken clouds
406,Santa Rosalia,MX,27.3167,-112.2833,67.14,51,48,5.59,scattered clouds
407,Aviles,ES,43.5547,-5.9248,52.18,86,80,0.0,broken clouds
408,Hirara,JP,24.8,125.2833,70.52,75,100,27.47,overcast clouds
409,Lubango,AO,-14.9172,13.4925,65.25,77,95,2.66,overcast clouds
410,Cayenne,GF,4.9333,-52.3333,77.04,91,75,4.0,light rain
411,Kropotkin,RU,45.4375,40.5756,40.44,71,100,19.1,overcast clouds
412,Sur,OM,22.5667,59.5289,71.44,60,0,6.24,clear sky
413,Nelson,NZ,-41.2833,173.2833,62.29,80,58,1.01,broken clouds
414,Puerto El Triunfo,SV,13.2833,-88.55,95.86,66,49,8.5,scattered clouds
415,Coihaique,CL,-45.5752,-72.0662,59.61,47,75,9.22,broken clouds
416,Kurchum,KZ,48.5722,83.6542,13.62,87,100,0.25,overcast clouds
417,Vaxjo,SE,56.8777,14.8091,32.63,100,90,2.3,fog
418,Staryy Nadym,RU,65.6118,72.6842,-18.54,100,81,4.47,broken clouds
419,Egvekinot,RU,66.3167,-179.1667,-24.65,86,1,5.97,clear sky
420,Caxias,PT,38.7031,-9.2767,64.47,71,0,1.01,clear sky
421,Kalmunai,LK,7.4167,81.8167,77.31,89,100,7.31,overcast clouds
422,Kumbo,CM,6.2,10.6667,65.43,35,97,5.5,overcast clouds
423,Kisangani,CD,0.5167,25.2,74.03,92,100,2.71,overcast clouds
424,Kieta,PG,-6.2167,155.6333,81.09,83,98,2.3,overcast clouds
425,Gotsu,JP,35.0,132.2167,46.62,72,61,9.46,broken clouds
426,Taoudenni,ML,22.6783,-3.9836,71.19,13,84,12.24,broken clouds
427,Banloc,RO,45.3836,21.1381,36.28,99,100,3.89,overcast clouds
428,Khairpur,PK,27.5295,68.7617,55.4,19,96,5.97,overcast clouds
429,Tautira,PF,-17.7333,-149.15,84.22,79,72,11.25,light rain
430,Zhuhai,CN,22.2769,113.5678,67.05,72,0,19.57,clear sky
431,Bushehr,IR,28.9684,50.8385,66.29,68,0,9.22,clear sky
432,Namatanai,PG,-3.6667,152.4333,78.93,85,100,2.91,light rain
433,Sayyan,YE,15.1718,44.3244,44.4,51,0,4.56,clear sky
434,Batticaloa,LK,7.7102,81.6924,78.91,85,100,10.16,moderate rain
435,Olafsvik,IS,64.8945,-23.7142,42.35,88,100,22.44,heavy intensity rain
436,Naze,JP,28.3667,129.4833,61.86,69,62,15.5,broken clouds
437,Pathein,MM,16.7833,94.7333,71.49,83,1,3.83,clear sky
438,Majene,ID,-3.5403,118.9707,77.41,86,83,4.65,broken clouds
439,Bekhtery,UA,46.251,32.2927,42.01,83,100,11.77,overcast clouds
440,Ankazoabo,MG,-22.2833,44.5167,76.53,70,79,3.65,broken clouds
441,Kualakapuas,ID,-3.0091,114.3876,77.16,98,100,2.01,overcast clouds
442,Mandera,KE,3.9366,41.867,90.36,31,97,7.52,overcast clouds
443,Victor Harbor,AU,-35.5667,138.6167,66.79,85,27,1.01,scattered clouds
444,Mangrol,IN,21.1167,70.1167,73.15,58,0,5.95,clear sky
445,Dikson,RU,73.5069,80.5464,-18.18,94,97,13.71,overcast clouds
446,Vila Franca Do Campo,PT,37.7167,-25.4333,57.61,62,100,20.96,overcast clouds
447,Caborca,MX,30.5838,-111.101,71.01,24,6,4.7,clear sky
448,Lismore,AU,-28.8135,153.2773,64.71,90,75,0.0,broken clouds
449,Lorengau,PG,-2.0226,147.2712,82.08,83,100,13.04,overcast clouds
450,Pochutla,MX,15.7432,-96.4661,89.42,51,0,8.88,clear sky
451,Yuanping,CN,38.7153,112.7575,21.61,31,0,1.81,clear sky
452,Serrinha,BR,-11.6642,-39.0075,84.15,46,100,9.69,overcast clouds
453,Japura,ID,-0.3167,102.35,73.06,99,100,0.76,overcast clouds
454,Tazovskiy,RU,67.4667,78.7,-22.54,91,83,6.15,broken clouds
455,Khash,IR,28.2211,61.2158,45.36,34,0,4.23,clear sky
456,Mocuba,MZ,-16.8392,36.9856,82.6,60,0,8.23,clear sky
457,Yaring,TH,6.8662,101.3689,77.38,80,40,4.81,scattered clouds
458,Husavik,IS,66.0449,-17.3389,40.91,79,100,16.58,overcast clouds
459,Bartica,GY,6.4,-58.6167,80.92,100,100,3.04,overcast clouds
460,Kanigoro,ID,-8.13,112.219,74.82,93,87,1.92,overcast clouds
461,Port Blair,IN,11.6667,92.75,79.79,74,61,12.73,broken clouds
462,Puerto Madryn,AR,-42.7692,-65.0385,71.65,27,36,38.23,scattered clouds
463,Havelock,US,34.8791,-76.9013,58.05,54,20,5.99,few clouds
464,Lagos,NG,6.5833,3.75,84.52,82,16,5.01,few clouds
465,Plettenberg Bay,ZA,-34.0527,23.3716,65.73,88,94,5.03,overcast clouds
466,Faya,SA,18.3851,42.4509,53.71,42,0,4.74,clear sky
467,Nuuk,GL,64.1835,-51.7216,20.01,86,20,20.71,light shower snow
468,Salisbury,GB,51.0693,-1.7957,55.09,84,90,9.22,overcast clouds
469,Nabire,ID,-3.3667,135.4833,76.46,90,100,4.18,overcast clouds
470,Changji,CN,44.0167,87.3167,7.59,78,0,4.47,clear sky
471,Gazojak,TM,41.1875,61.4036,41.38,55,100,11.27,overcast clouds
472,Kendari,ID,-3.945,122.4989,75.45,96,100,3.74,overcast clouds
473,Montevideo,UY,-34.8335,-56.1674,75.22,76,75,5.99,broken clouds
474,Verkh-Usugli,RU,52.7,115.1667,-2.61,99,97,2.28,overcast clouds
475,Umea,SE,63.8284,20.2597,33.91,100,75,6.91,broken clouds
476,Ios,GR,36.7333,25.2833,60.04,63,81,1.99,broken clouds
477,Bati,ET,11.1833,40.0167,59.38,76,30,5.68,scattered clouds
478,Laguna,US,38.421,-121.4238,54.21,81,90,3.0,haze
479,Brokopondo,SR,4.75,-55.1667,76.5,92,100,9.22,overcast clouds
480,Vao,NC,-22.6667,167.4833,77.38,90,100,17.18,overcast clouds
481,Concepcion Del Oro,MX,24.6333,-101.4167,63.01,40,8,8.25,clear sky
482,Pisco,PE,-13.7,-76.2167,73.45,68,40,13.8,scattered clouds
483,Omsukchan,RU,62.5333,155.8,-4.92,99,100,5.39,light snow
484,Kenai,US,60.5544,-151.2583,6.85,64,1,17.27,haze
485,Vostok,RU,46.4856,135.8833,2.66,96,100,8.57,light snow
486,Krasnovishersk,RU,60.4078,57.082,0.79,98,100,3.13,overcast clouds
487,Sao Joao Da Barra,BR,-21.6403,-41.0511,82.49,86,81,19.51,broken clouds
488,Sherlovaya Gora,RU,50.5667,116.25,4.46,88,100,3.27,overcast clouds
489,Antalya,TR,36.7741,30.7178,65.01,83,40,3.44,scattered clouds
490,Netanya,IL,32.3329,34.8599,71.24,44,99,5.12,overcast clouds
491,Raipur,IN,21.2333,81.6333,61.72,49,3,3.22,clear sky
492,Charters Towers,AU,-20.1,146.2667,74.53,80,85,9.1,overcast clouds
493,Kon Tum,VN,14.35,108.0,58.51,92,78,3.33,broken clouds
494,Ribeira Grande,PT,38.5167,-28.7,57.6,54,40,9.22,scattered clouds
495,Quelimane,MZ,-17.8786,36.8883,84.15,70,0,23.02,clear sky
496,Opuwo,NA,-18.0607,13.84,78.28,42,25,1.5,scattered clouds
497,Maua,BR,-23.6678,-46.4614,81.36,57,98,8.5,light rain
498,Gazli,UZ,40.1333,63.45,44.83,86,100,4.52,light rain
499,Aljezur,PT,37.3191,-8.8033,60.4,58,0,7.4,clear sky
500,Bama,NG,11.5221,13.6856,74.44,25,14,7.9,few clouds
501,Acari,PE,-15.4311,-74.6158,73.72,77,87,8.52,overcast clouds
502,Lompoc,US,34.6391,-120.4579,65.01,57,1,0.0,clear sky
503,Caravelas,BR,-17.7125,-39.2481,79.9,76,47,8.88,scattered clouds
504,Cotonou,BJ,6.3654,2.4183,85.98,79,20,11.5,few clouds
505,Sabya,SA,17.1495,42.6254,78.42,63,0,4.03,clear sky
506,Ponta Delgada,PT,37.7333,-25.6667,57.92,72,20,11.5,few clouds
507,Pokhara,NP,28.2333,83.9833,52.68,44,3,4.81,clear sky
508,Pevek,RU,69.7008,170.3133,-33.54,97,16,0.4,few clouds
509,Bernay,FR,49.1667,0.6667,51.69,91,93,3.0,overcast clouds
510,Zhanaozen,KZ,43.3,52.8,25.14,57,0,8.81,clear sky
511,Emmett,US,43.8735,-116.4993,56.44,50,88,8.01,overcast clouds
512,Yekaterinoslavka,RU,50.3734,129.1139,-14.6,97,9,6.33,clear sky
513,Kutum,SD,14.2,24.6667,69.24,24,47,8.59,scattered clouds
514,Mariinsk,RU,56.2139,87.7472,-3.86,98,93,5.12,overcast clouds
515,Saint-Georges,GD,12.0564,-61.7485,80.28,89,75,11.5,broken clouds
516,Ganzhou,CN,28.8184,115.4327,47.28,87,59,4.81,broken clouds
517,Pizarro,CO,4.9533,-77.366,74.46,93,100,7.27,moderate rain
518,Cedral,MX,23.8,-100.7333,66.99,43,35,11.43,scattered clouds
519,Santiago,CL,-33.4569,-70.6483,79.18,39,20,8.05,few clouds
520,Kasempa,ZM,-13.4584,25.8338,71.69,48,82,5.37,broken clouds
521,Martapura,ID,-3.4167,114.85,77.09,100,90,4.61,overcast clouds
522,College,US,64.8569,-147.8028,-9.8,69,75,3.44,light snow
523,Kedrovyy,RU,56.1667,91.8167,7.21,96,100,6.91,overcast clouds
524,Mporokoso,ZM,-9.3727,30.125,68.65,67,100,4.72,overcast clouds
525,Katsuura,JP,35.1333,140.3,53.71,62,54,4.63,broken clouds
526,Tecoanapa,MX,16.5167,-98.75,84.13,63,7,9.01,clear sky
527,Joao Pinheiro,BR,-17.7425,-46.1725,83.75,55,70,3.89,light rain
528,Rio Esteban,HN,15.8333,-86.3,86.27,60,0,10.83,clear sky
529,Helong,CN,42.5397,128.9972,8.46,68,1,7.65,clear sky
530,Ndele,CF,8.4109,20.6473,79.7,26,4,4.52,clear sky
531,Marystown,CA,47.1666,-55.1483,50.86,100,100,7.0,overcast clouds
532,Balaipungut,ID,1.05,101.2833,73.53,99,100,3.78,overcast clouds
533,Progreso,MX,21.2833,-89.6667,90.1,67,50,15.03,scattered clouds
534,Baculin,PH,7.4525,126.5842,77.99,86,100,7.43,overcast clouds
535,Maldonado,UY,-34.6667,-54.9167,85.39,49,43,15.05,scattered clouds
536,Tokoroa,NZ,-38.2333,175.8667,63.59,66,100,3.0,overcast clouds
537,Ixtapa,MX,20.7,-105.2,83.43,54,1,8.05,clear sky
538,Necochea,AR,-38.5473,-58.7368,73.04,49,100,16.35,overcast clouds
539,Novyy Oskol,RU,50.7631,37.8691,30.25,65,100,13.4,overcast clouds
540,Milyutinskaya,RU,48.6279,41.6679,25.9,58,100,16.15,overcast clouds
541,Rong Kwang,TH,18.339,100.3174,64.71,72,1,2.46,clear sky
542,Puerto Leguizamo,CO,-0.1934,-74.7819,92.97,36,61,6.96,broken clouds
543,Inuvik,CA,68.3499,-133.7218,-1.19,78,90,11.5,light snow
544,Stonewall,CA,50.1344,-97.3268,36.95,93,99,1.74,overcast clouds
545,Paracatu,BR,-17.2222,-46.8747,73.89,89,100,5.26,moderate rain
546,Richards Bay,ZA,-28.783,32.0377,74.1,74,100,12.03,overcast clouds
547,Bensonville,LR,6.4461,-10.6125,78.84,85,17,4.32,few clouds
548,Sa Kaeo,TH,13.75,102.3333,69.66,75,26,7.0,scattered clouds
549,Orlik,RU,52.5178,99.825,-2.4,85,90,3.31,overcast clouds
550,Perth,AU,-31.9333,115.8333,60.1,62,0,8.05,clear sky
551,Yakeshi,CN,49.2833,120.7333,6.24,80,100,8.08,overcast clouds
552,Kushmurun,KZ,52.4503,64.6311,2.64,96,16,3.0,few clouds
553,Panjab,AF,34.388,67.0233,24.46,31,0,0.85,clear sky
554,Katherine,AU,-14.4667,132.2667,80.92,69,71,5.75,broken clouds
555,Nisia Floresta,BR,-6.0911,-35.2086,86.81,68,3,11.99,clear sky
556,Saint-Joseph,RE,-21.3667,55.6167,77.38,76,79,14.38,broken clouds
557,Price,US,39.5994,-110.8107,40.71,46,1,3.44,clear sky
558,Montepuez,MZ,-13.1256,38.9997,72.57,79,64,7.45,broken clouds
559,Maykor,RU,59.0059,55.88,9.0,90,100,4.81,overcast clouds
560,Urayasu,JP,35.6706,139.8886,55.02,51,20,1.99,few clouds
561,Lang Suan,TH,9.9456,99.0785,73.17,86,6,4.07,clear sky
562,Vallenar,CL,-28.5708,-70.7581,80.74,23,0,14.63,clear sky
563,San Carlos De Bariloche,AR,-41.1456,-71.3082,49.75,53,75,29.93,broken clouds
564,Jalu,LY,29.0331,21.5482,57.42,41,5,8.41,clear sky
565,Chontalpa,MX,17.7,-93.5167,81.64,69,3,10.71,clear sky
566,Luanda,AO,-8.8368,13.2343,82.4,78,40,4.61,scattered clouds
567,Karpathos,GR,35.507,27.2132,62.56,72,1,10.36,clear sky
568,Oga,IT,46.4631,10.347,23.54,86,66,5.55,broken clouds
569,Polson,US,47.6936,-114.1632,38.43,67,100,1.99,overcast clouds
570,Road Town,VG,18.4167,-64.6167,82.49,78,40,8.05,scattered clouds
571,Pushkino,RU,56.0172,37.8667,26.98,96,100,7.92,overcast clouds
572,Walvis Bay,NA,-22.9575,14.5053,63.55,82,0,9.22,clear sky
573,Nishihara,JP,26.1842,127.7558,67.68,82,75,14.97,mist
574,Bafra,TR,41.5678,35.9069,58.82,50,0,8.3,clear sky
575,Upington,ZA,-28.4478,21.2561,73.78,64,0,2.3,clear sky
576,San Joaquin,US,37.9333,-121.3011,57.33,83,90,13.8,mist
577,Urubicha,BO,-15.3833,-62.95,80.26,86,100,5.84,moderate rain
578,Mandan,US,46.8267,-100.8896,44.58,56,1,1.99,clear sky
579,Deori,IN,21.45,82.6167,60.3,58,1,2.48,clear sky
580,Riosucio,CO,5.4216,-75.7032,64.83,91,100,1.41,light rain
581,Abu Kamal,SY,34.4506,40.9171,57.02,45,100,2.3,overcast clouds
582,Tezu,IN,27.9167,96.1667,59.72,55,64,3.62,broken clouds
583,Qena,EG,26.1615,32.7183,73.51,57,93,2.33,overcast clouds
584,Buala,SB,-8.145,159.5921,81.57,83,100,6.8,overcast clouds
585,Manthani,IN,18.65,79.6667,65.79,57,74,5.55,broken clouds
586,Skibbereen,IE,51.55,-9.2667,51.6,85,74,23.89,broken clouds
587,Kungurtug,RU,50.5994,97.5228,-6.0,94,55,1.74,broken clouds
588,Mariel,CU,22.9875,-82.7536,84.34,74,91,16.06,light rain
589,Ojinaga,MX,29.5667,-104.4167,70.57,29,1,3.44,clear sky
590,Koygorodok,RU,60.445,50.9968,6.13,90,98,5.57,overcast clouds
591,Libertador General San Martin,AR,-23.8064,-64.7876,101.97,30,0,7.23,clear sky
592,Kearney,US,40.6995,-99.0815,49.24,21,21,15.17,few clouds
593,Virginia Beach,US,36.8529,-75.978,52.02,40,1,3.0,clear sky
594,Belyy Yar,RU,53.6039,91.3903,21.09,74,0,8.95,clear sky
595,Chokwe,MZ,-24.5333,32.9833,88.02,46,100,12.59,overcast clouds
596,Oktyabrskoye,RU,43.0645,44.7417,28.54,100,27,8.95,mist
597,Damghan,IR,36.1683,54.348,40.86,58,0,5.17,clear sky
598,Mount Gambier,AU,-37.8333,140.7667,62.51,45,9,9.22,clear sky
599,Yenagoa,NG,4.9247,6.2642,81.88,78,61,5.86,broken clouds
600,Watford,GB,51.6553,-0.396,53.42,89,75,11.5,broken clouds
601,Birao,CF,10.2849,22.7882,75.61,27,72,5.61,broken clouds
602,Dawson Creek,CA,55.7666,-120.2362,11.84,85,90,8.05,light snow
603,Marzuq,YE,14.4,46.4667,58.41,40,0,1.83,clear sky
604,Aksarka,RU,66.5606,67.7975,-6.16,100,85,1.9,overcast clouds
605,Waipawa,NZ,-41.4122,175.5153,54.93,94,100,8.32,overcast clouds
606,Itarema,BR,-2.9248,-39.9167,83.59,67,18,18.03,few clouds
607,Pasighat,IN,28.0667,95.3333,58.53,61,49,3.6,scattered clouds
608,Souillac,MU,-20.5167,57.5167,79.18,69,20,8.05,few clouds
609,Adrar,MR,20.5022,-10.0711,71.17,14,48,10.96,scattered clouds
610,Atasu,KZ,48.6814,71.6433,17.44,95,100,11.9,overcast clouds
611,Sembabule,UG,-0.0772,31.4567,66.06,78,100,6.26,overcast clouds
612,Nome,US,64.5011,-165.4064,-7.53,55,1,8.05,clear sky
613,Mecca,SA,21.4267,39.8261,74.07,64,66,2.66,broken clouds
614,Krapivinskiy,RU,54.9992,86.8133,1.04,100,100,2.15,overcast clouds
615,Beasain,ES,43.0502,-2.2009,51.04,89,40,6.42,scattered clouds
616,Bardsir,IR,29.9227,56.5743,32.05,45,0,2.53,clear sky
617,Barroquinha,BR,-3.0189,-41.1361,87.58,64,32,13.91,scattered clouds
618,Grafton,US,42.207,-71.6856,46.65,42,1,5.99,clear sky
619,Kazerun,IR,29.6195,51.6541,55.44,35,0,1.19,clear sky
620,Bethanien,NA,-26.502,17.1583,74.73,22,0,12.26,clear sky
621,Sydney,AU,-33.8679,151.2073,62.31,75,75,7.0,broken clouds
622,Seddon,AU,-37.8068,144.8916,67.77,83,0,4.61,clear sky
623,Fare,PF,-16.7,-151.0167,80.74,74,94,10.89,light rain
624,Opotiki,NZ,-38.0833,177.2833,64.38,96,100,3.53,overcast clouds
625,Saraland,US,30.8207,-88.0706,59.81,60,52,5.17,broken clouds
626,Erzin,TR,36.9559,36.2,59.52,54,100,8.57,overcast clouds
627,Oistins,BB,13.0667,-59.5333,80.69,89,75,16.11,broken clouds
628,Preobrazheniye,RU,42.9019,133.9064,15.78,57,11,16.26,few clouds
629,Chichihualco,MX,17.6833,-99.65,78.44,37,29,4.83,scattered clouds
630,Smithers,CA,54.7804,-127.1743,10.72,92,20,4.61,few clouds
631,Batagay,RU,67.6333,134.6333,-40.67,100,97,1.63,overcast clouds
632,San Patricio,US,28.017,-97.5169,64.81,30,0,5.68,clear sky
633,Mayumba,GA,-3.432,10.6554,76.75,90,80,2.73,broken clouds
634,Balabac,PH,7.9868,117.0645,81.52,82,78,15.19,moderate rain
635,Okhotsk,RU,59.3833,143.3,-0.92,76,100,18.14,overcast clouds
636,Rio Grande,BR,-32.035,-52.0986,86.11,67,0,16.53,clear sky
637,Lixourion,GR,38.2019,20.4314,54.95,67,98,22.59,overcast clouds
638,Boa Vista,BR,2.8197,-60.6733,85.98,66,75,9.22,broken clouds
639,Hannibal,US,39.7084,-91.3585,53.83,25,1,13.8,clear sky
640,Touros,BR,-5.1989,-35.4608,86.9,70,10,14.63,clear sky
641,Valdemarpils,LV,57.3707,22.5919,31.42,96,77,4.63,broken clouds
642,Rincon De La Victoria,ES,36.7172,-4.2758,61.84,60,0,5.68,clear sky
643,Taperoa,BR,-7.2075,-36.8267,91.35,24,19,11.41,few clouds
644,Mahibadhoo,MV,3.7833,72.9667,81.43,77,100,8.72,overcast clouds
645,Benguela,AO,-12.5763,13.4055,78.51,80,77,6.17,broken clouds
646,Datong,CN,40.0936,113.2914,20.21,36,0,4.72,clear sky
647,Sangmelima,CM,2.9333,11.9833,73.63,55,90,1.61,overcast clouds
648,Tchollire,CM,8.4022,14.1698,76.46,21,79,0.22,broken clouds
649,Flin Flon,CA,54.7682,-101.865,6.64,85,90,2.3,overcast clouds
650,Tanout,NE,14.9709,8.8879,69.85,11,43,11.14,scattered clouds
651,Rocha,UY,-34.4833,-54.3333,77.85,56,51,14.0,broken clouds
652,Saint-Francois,FR,46.4154,3.9054,44.47,92,90,0.0,overcast clouds
653,Casselman,CA,45.3168,-75.0826,43.43,36,7,11.5,clear sky
654,Ulladulla,AU,-35.35,150.4667,57.78,80,4,3.02,clear sky
655,Lazaro Cardenas,MX,17.9583,-102.2,85.66,62,6,7.9,clear sky
656,Cururupu,BR,-1.8283,-44.8683,84.69,67,86,6.17,overcast clouds
657,Tanete,ID,-3.9443,119.7848,75.99,94,100,3.38,overcast clouds
658,Tashara,RU,55.5195,83.5094,-2.67,99,100,5.82,overcast clouds
659,Stephenville,US,32.2207,-98.2023,61.92,23,1,9.22,clear sky
660,Kondinskoye,RU,59.6481,67.41,15.64,86,94,10.63,overcast clouds
661,Roseburg,US,43.2165,-123.3417,49.66,75,75,8.05,broken clouds
662,Ligayan,PH,4.6533,119.4706,82.2,76,91,4.5,overcast clouds
663,Komsomolskiy,UZ,40.4272,71.7189,36.32,55,10,2.3,haze
664,Tabas,IR,33.5959,56.9244,49.93,38,38,3.65,scattered clouds
665,Abha,SA,18.2164,42.5053,53.42,35,0,4.61,clear sky
666,Pringsewu,ID,-5.3582,104.9744,73.31,97,99,2.68,overcast clouds
667,Aguimes,ES,27.9054,-15.4461,63.23,72,20,12.66,few clouds
668,Kharan,PK,28.5833,65.4167,53.96,18,5,7.34,clear sky
669,Lumeje,AO,-11.55,20.7833,69.6,80,100,3.51,light rain
670,Joshimath,IN,30.5667,79.5667,42.6,38,100,6.51,overcast clouds
671,Clermont,FR,49.5,2.4167,50.02,93,46,7.14,scattered clouds
672,Banda Aceh,ID,5.5577,95.3222,78.04,84,17,11.07,few clouds
673,Minna,NG,9.6139,6.5569,85.71,35,0,4.61,clear sky
674,Coahuayana,MX,18.7333,-103.6833,87.28,54,35,6.8,scattered clouds
675,Muros,ES,42.7762,-9.0603,54.1,94,89,4.56,overcast clouds
676,Cockburn Town,TC,21.4612,-71.1419,82.36,69,40,11.5,scattered clouds
677,Novyy Urgal,RU,51.0736,132.5642,-8.81,98,99,2.08,overcast clouds
678,Novikovo,RU,51.1537,37.8879,30.02,64,100,12.46,overcast clouds
679,Juneau,US,58.3019,-134.4197,28.45,88,90,4.61,light snow
680,Jinchang,CN,38.4953,102.1739,23.43,34,0,4.07,clear sky
681,Casa Nova,BR,-9.4167,-41.1333,89.58,41,95,11.74,overcast clouds
682,Hajos,HU,46.3986,19.1206,36.07,86,100,16.28,light rain
683,Shakiso,ET,5.75,38.9167,56.37,66,100,4.52,overcast clouds
684,Vanavara,RU,60.34,102.2797,-35.84,99,31,3.44,scattered clouds
685,Port Hardy,CA,50.6996,-127.4199,39.76,100,90,10.36,light shower snow
686,Syedove,UA,47.0768,38.156,35.01,71,100,26.53,light snow
687,Pouebo,NC,-20.4,164.5667,77.13,88,100,8.48,overcast clouds
688,Brownwood,US,31.7093,-98.9912,64.4,18,1,12.66,clear sky
689,Douala,CM,4.0483,9.7043,82.31,83,20,2.3,few clouds
690,Akureyri,IS,65.6835,-18.0878,40.93,70,20,12.66,few clouds
